IdTweet,IdUser,UserName,ScreenName,Location,TweetAt,UploadTweet,OriginalTweet
1471461031113232388,1356181263510433795,Bang Mara ğŸ‡²ğŸ‡¨ğŸ‡²ğŸ‡¨ğŸ‡²ğŸ‡¨ğŸ‡²ğŸ‡¨ğŸ‡²ğŸ‡¨,anjasmara_ferry,,2021-12-16 12:43:42,Twitter for Android,RT @Avilaspirit1: Selama @KPK_RI tidak menelusuri dana formula E berarti FIX 2024 si Anus akan bergandengan dgn Si Anak Pepo utk CAPRES CAWâ€¦
1471460986842279936,1358080544731328514,"Persimpangan 2024, NKRI",Katongontaganti,,2021-12-16 12:43:32,Twitter for Android,"@__AnakKolong @KPK_RI Fb lagi ya bang, ğŸ˜Š"
1471460975781957633,4700671753,Huangâ°â™Š,MsjHuang,,2021-12-16 12:43:29,Twitter for Android,RT @Avilaspirit1: Selama @KPK_RI tidak menelusuri dana formula E berarti FIX 2024 si Anus akan bergandengan dgn Si Anak Pepo utk CAPRES CAWâ€¦
1471460898191470598,1360575646653587465,Nana Sukma,NanaSukma77,,2021-12-16 12:43:11,Twitter for Android,@FerdinandHaean3 @KPK_RI Jk Juni 2022 Formula E berjalan lancar dan tdk ada masalah menurut @KPK_RI maka layakkahâ€¦ https://t.co/GodVIVvLFr
1471460895121313793,1171454604,Lemon Anget,ikpilah,Indonesia,2021-12-16 12:43:10,Twitter for Android,"RT @madisnur: Pemerintah n DPR mau mengulang kembali cara pembahasan UU KPK dan Omnibus Law Cipta Kerja di RUU IKN

Terbukti kemudian melemâ€¦"
1471460882123137026,1159689173340585984,A K â„¢ |,__AnakKolong,Wherever you're not lookin',2021-12-16 12:43:07,Twitter Web App,RT @RekjanS: @__AnakKolong @KPK_RI Copot atau bubatkan
1471460877425516544,1314751542512160768,orangbiasa@ja,Erte56209029,,2021-12-16 12:43:06,Twitter for Android,"RT @rinidyah6: @cybsquad_ @KPK_RI Kepo juga...sampai mana nih KPK mengusut mapia pi ci er..??ğŸ¤”ğŸ§
Masa iya 
#KPKTakutUsutMafiaPCR ?
#KPKTakutâ€¦"
1471460696277721091,1344337807,Teddy S,TeddyS55073533,"East Java, Indonesia",2021-12-16 12:42:23,Twitter for Android,"@FerdinandHaean3 @KPK_RI Tanda bukti transfer ke formula E harus ditunjukkan dulu, bang."
1471460693157187589,1446306247511212035,Rustandi Sakti5660,AcatSakti,,2021-12-16 12:42:22,Twitter for Android,"RT @AngingMamiri26: Duh cammana mereka ini menyerahkan pengerjaan proyek ke kontraktor abal2.
Makanya pengerjaannya asal2an.

Pak @KPK_RI mâ€¦"
1471460663985729536,1326019005925085185,SemuaAkanBerlalu,akan_semua,,2021-12-16 12:42:15,Twitter for Android,"RT @OposisiCerdas: Jika Jokowi Tidak Jelaskan Sumber Uang Saham Kaesang, Muslim Arbi: KPK Wajib Usut karena Dicurigai Hasil Gratifikasi
httâ€¦"
1471460628455772163,388190238,IDN Times,idntimes,,2021-12-16 12:42:06,dlvr.it,"Uang itu berasal dari dua koruptor yakni Sunjaya Purwadisastra selaku Bupati Cirebon 2014-2019, dan Fathor Rachmanâ€¦ https://t.co/edvsmGX2lf"
1471460596377796611,1158366189468278784,Yudha S. Santika,YudhaSSantika1,,2021-12-16 12:41:59,Twitter for Android,"RT @geloraco: Jika Jokowi Tidak Jelaskan Sumber Uang Saham Kaesang, Muslim Arbi: KPK Wajib Usut karena Dicurigai Hasil Gratifikasi
https://â€¦"
1471460577226760199,1136331978494623749,Jaffa,Jaffa87808995,,2021-12-16 12:41:54,Twitter for Android,RT @BojanPozar: KPK bo! preiskovala @JJansaSDS :â¬‡ï¸ https://t.co/wOpUBEy2S8
1471460543168868353,1159689173340585984,A K â„¢ |,__AnakKolong,Wherever you're not lookin',2021-12-16 12:41:46,Twitter Web App,"RT @fansGalGadot66: @__AnakKolong @KPK_RI Lsm mjd lembaga antibody dan ikut berpolitik jual agama, penegak pemberantasan korupsi pun ikut bâ€¦"
1471460421521403909,1228536775565406208,Abimanyu_KomengKangSablon_,fansGalGadot66,Pati - Jawa Tengah - Indonesia,2021-12-16 12:41:17,Twitter Web App,"@__AnakKolong @KPK_RI Lsm mjd lembaga antibody dan ikut berpolitik jual agama, penegak pemberantasan korupsi pun ikâ€¦ https://t.co/ADgOWh15mf"
1471460375065292800,1396559423766601731,Dian Hernawati,DianHernawati5,"Papua Barat, Indonesia",2021-12-16 12:41:06,Twitter for Android,"Cegah Korupsi Dengan Cara Luar Biasa

Untuk Indonesia Bebas Dari Korupsi

#KPK #KPKRI https://t.co/c4UdWld1mA"
1471460339963158530,1384628100000993285,nyong manise,akunkelima10,ambon manise ,2021-12-16 12:40:58,Twitter for Android,"@brader_akbar Fitnah ğŸ˜‚ğŸ¤£ğŸ˜‚ğŸ˜‚ğŸ˜‚otak lo perlu diperiksa tolol lo ga nanya kpk ,ma jokowi kenapa ga diperiksa manusia muluâ€¦ https://t.co/vYEx9gdDNN"
1471460324674924546,1492981412,r-dyp,RPradypta,Indonesia,2021-12-16 12:40:54,Twitter for Android,@Vie4nne @KPK_RI Ayo nak @kaesangp ngomong yg jujur...ditunggu lho sama rakyat
1471460322682703875,898115712044089344,Pejuang Nasi Bungkusâ„¢ï¸ğŸ‡®ğŸ‡©,quintta1217,"East Borneo, Indonesia",2021-12-16 12:40:53,Twitter for Android,Sebagai pengantar malam Jumat mungkin apa yg dikatakan mantan duet ikan buntal. Sangat relevan untuk menelisik misiâ€¦ https://t.co/uChQbbTrnq
1471460200037040132,1254427624664788993,Cakjanresit71,RekjanS,,2021-12-16 12:40:24,Twitter for Android,@__AnakKolong @KPK_RI Copot atau bubatkan
1471460179749130244,709346542369386496,Darwis Anjepa,darwis_anjepa,"Sulawesi Selatan, Indonesia",2021-12-16 12:40:19,Twitter for Android,"@FerdinandHaean3 @KPK_RI Kasihan orang ini tiada hari tanpa mencari kesalahan pak @aniesbaswedan  , sepertinya dia saja yang punya indonesia"
1471460137353187328,3416450299,Amir Faesal #YNWA,Amir_Faesal70,"Depok, Indonesia",2021-12-16 12:40:09,Twitter for Android,@Avilaspirit1 @KPK_RI Tinggal berantem dech siapa yg Mau jadi  capres ğŸ˜.
1471460135692210176,73024566,Lubna Haneen Ayunda,king_phinokowie,"Jakarta Selatan, DKI Jakarta",2021-12-16 12:40:09,Twitter for Android,"RT @geloraco: Jika Jokowi Tidak Jelaskan Sumber Uang Saham Kaesang, Muslim Arbi: KPK Wajib Usut karena Dicurigai Hasil Gratifikasi
https://â€¦"
1471460101009539072,258710609,Andrew Surya ğŸ‡®ğŸ‡©,Andrew__Surya,"Buenos Aires, Argentina",2021-12-16 12:40:01,Twitter for Android,RT @Avilaspirit1: Selama @KPK_RI tidak menelusuri dana formula E berarti FIX 2024 si Anus akan bergandengan dgn Si Anak Pepo utk CAPRES CAWâ€¦
1471460072819625986,1329333820609372161,Ellena Diandra Sanjoyo,elensanjoyo84,Ngajogyakarta Hadiningrat,2021-12-16 12:39:54,Twitter for Android,"RT @__AnakKolong: HANYA ULAR TOA YANG LICIN &amp; SULIT DIJERAT | terlebih ada aroma kura-kura Bone, kebo Cikeas di sekitar Ketua @KPK_RI, laluâ€¦"
1471460024857759752,1254427624664788993,Cakjanresit71,RekjanS,,2021-12-16 12:39:42,Twitter for Android,"RT @__AnakKolong: HANYA ULAR TOA YANG LICIN &amp; SULIT DIJERAT | terlebih ada aroma kura-kura Bone, kebo Cikeas di sekitar Ketua @KPK_RI, laluâ€¦"
1471459970222678018,890934467409215488,Official : Kang Cir3ngÂ®ï¸ by NÒ‰IÒ‰NÒ‰JÒ‰AÒ‰ KÒ‰UÒ‰RÒ‰OÒ‰à¸ªà¹‰à¹‰,NinjaCir3ng,FULL Throttle VACCINATED ğŸ’‰,2021-12-16 12:39:29,Twitter for iPhone,"RT @__AnakKolong: HANYA ULAR TOA YANG LICIN &amp; SULIT DIJERAT | terlebih ada aroma kura-kura Bone, kebo Cikeas di sekitar Ketua @KPK_RI, laluâ€¦"
1471459928241946624,1451869982275485708,Pengembala,Pengemb41255385,"Jawa Timur, Indonesia",2021-12-16 12:39:19,Twitter for Android,"RT @__AnakKolong: HANYA ULAR TOA YANG LICIN &amp; SULIT DIJERAT | terlebih ada aroma kura-kura Bone, kebo Cikeas di sekitar Ketua @KPK_RI, laluâ€¦"
1471459865964994561,1451869982275485708,Pengembala,Pengemb41255385,"Jawa Timur, Indonesia",2021-12-16 12:39:05,Twitter for Android,"RT @FerdinandHaean3: Jk gagal Juni 2022, mk Anies Baswedan hrs dipenjarakan karena telah merugikan keuangan negara sangat besar..!!! Rakyatâ€¦"
1471459831974293506,1228536775565406208,Abimanyu_KomengKangSablon_,fansGalGadot66,Pati - Jawa Tengah - Indonesia,2021-12-16 12:38:57,Twitter Web App,"RT @__AnakKolong: HANYA ULAR TOA YANG LICIN &amp; SULIT DIJERAT | terlebih ada aroma kura-kura Bone, kebo Cikeas di sekitar Ketua @KPK_RI, laluâ€¦"
1471459824462295040,2199029722,Arief Joenaedy,ariefjoenaedy,,2021-12-16 12:38:55,Twitter for iPhone,"RT @geloraco: Jika Jokowi Tidak Jelaskan Sumber Uang Saham Kaesang, Muslim Arbi: KPK Wajib Usut karena Dicurigai Hasil Gratifikasi
https://â€¦"
1471459746225950722,1454008204027854853,H.M. Murah,HMMurah3,Dekat Lautan  NYI Roro Kidul,2021-12-16 12:38:36,Twitter Web App,"Beban Utang Bengkak Rakyat Kecil Yg Jadi Korban, Pajak Naik, Iuran Naik ?
Pejabat Berkuasa Kekayaan Meningkat Rata2â€¦ https://t.co/ZohiXW2xA7"
1471459741389889538,864298150600744967,CoCo,VjHan85,"Besuki, Indonesia",2021-12-16 12:38:35,Twitter for Android,"RT @FerdinandHaean3: Jk gagal Juni 2022, mk Anies Baswedan hrs dipenjarakan karena telah merugikan keuangan negara sangat besar..!!! Rakyatâ€¦"
1471459683948847104,260280417,@mattdilaga,mattdilaga,indonesia,2021-12-16 12:38:21,Twitter for Android,@halahluweh @just_onoy @aniesbaswedan @DKIJakarta @BinaMargaDKI @mrtjakarta Bukankah dulu alasannya KPK tidak bisaâ€¦ https://t.co/VOCgZ4jAqK
1471459486913105924,1288496856,ANTARASULSEL.Com,antaramakassar,"Makassar, Sulawesi Selatan",2021-12-16 12:37:34,Twitter Web App,KPK eksekusi Nurdin Abdullah ke Lapas Sukamiskin Bandung https://t.co/vRaTRADSHr
1471459369707470849,1425331096422547457,PekaklontoğŸ‡²ğŸ‡¨,pekaklonto67,"Bali, Indonesia",2021-12-16 12:37:06,Twitter for Android,"RT @__AnakKolong: HANYA ULAR TOA YANG LICIN &amp; SULIT DIJERAT | terlebih ada aroma kura-kura Bone, kebo Cikeas di sekitar Ketua @KPK_RI, laluâ€¦"
1471459335288987649,858324512865046528,maNğŸ’NKRIğŸ‡®ğŸ‡©,mantoP2020,"Nusantara, Indonesia",2021-12-16 12:36:58,Twitter Web App,RT @akun_easy: @Fer_78748 Jan2 ne firli ki .. ketua @KPK_RI Ã tau ketua parte... ğŸ¤”ğŸ¤”
1471459314812395522,1128389848140615680,Chitato,becak125cc,,2021-12-16 12:36:53,Twitter for Android,"RT @Rakyat_Recehan: Langsung hitung aja dugaan potensi KERUGIAN UANG NEGARA dari BOBROK nya hasil kerja SUMUR RESAPAN.

Termasuk kerugian Jâ€¦"
1471459285787766785,1104341798825033728,Do Kepa,Napen21,,2021-12-16 12:36:46,Twitter Web App,"RT @yarachantique: Jd paham deh..
Kmana arah hati Ketua KPK Firli Bahuri berlabuh..

ğŸ˜ https://t.co/wtbEWIKWfa"
1471459249196711936,1360086668447895556,GALESONG,RifaiTaqwin,,2021-12-16 12:36:38,Twitter for Android,"RT @geloraco: Jika Jokowi Tidak Jelaskan Sumber Uang Saham Kaesang, Muslim Arbi: KPK Wajib Usut karena Dicurigai Hasil Gratifikasi
https://â€¦"
1471459233816322048,902363035779690497,Raden Rizic Mikhaelovic,Teddy3234,Jakarta Indonesia ,2021-12-16 12:36:34,Twitter for Android,"@FerdinandHaean3 @KPK_RI Yang dulu safe the budget 
Yang sekarang begal the budget 
Cukup se x punya gubernur hasil ngembatğŸ˜Š"
1471459209422127104,1399346632039157768,Toruan,AritonOnang,Nova Scotia,2021-12-16 12:36:28,Twitter for Android,"RT @AngingMamiri26: Duh cammana mereka ini menyerahkan pengerjaan proyek ke kontraktor abal2.
Makanya pengerjaannya asal2an.

Pak @KPK_RI mâ€¦"
1471459202799267841,59740104,Grunge People,_Audaxviator,Indonesia,2021-12-16 12:36:26,Twitter for Android,@AlifaNaura6 @FerdinandHaean3 @KPK_RI Kepo lu ah
1471459136223137795,350890553,Fransiscus,Koez7,,2021-12-16 12:36:11,Twitter for Android,"RT @AngingMamiri26: Duh cammana mereka ini menyerahkan pengerjaan proyek ke kontraktor abal2.
Makanya pengerjaannya asal2an.

Pak @KPK_RI mâ€¦"
1471459123170791433,914271535,Bung,bungfrankz,IndonesiağŸ‡®ğŸ‡©,2021-12-16 12:36:08,Twitter for iPhone,"RT @__AnakKolong: HANYA ULAR TOA YANG LICIN &amp; SULIT DIJERAT | terlebih ada aroma kura-kura Bone, kebo Cikeas di sekitar Ketua @KPK_RI, laluâ€¦"
1471459101267791873,4262560934,ğŸ‘ˆ Faza Art ğŸ‘‰,imamdxlabel,,2021-12-16 12:36:02,Twitter for Android,@FerdinandHaean3 @KPK_RI Ini nih baru ngabisin duit negara dengan sangat gwedee proyek nya jeblogggg... https://t.co/DAlYy6ghbY
1471459047266131979,299022058,LindaaBatubara,AsniLelinda,Medan Sumatera Utara,2021-12-16 12:35:49,Twitter for Android,jujur ga terima bgt kalau diperlakuin seperti itu &amp; ini bukan yg pertama tapi sudah sering. tolong dong @KPK_RI terjun ke daerah2.
1471458996896747522,704590961418981377,ğŸ‡®ğŸ‡©Marudut SimbolonğŸ‡®ğŸ‡©,simbolonmarudu1,Indonesia,2021-12-16 12:35:37,Twitter for Android,"RT @__AnakKolong: HANYA ULAR TOA YANG LICIN &amp; SULIT DIJERAT | terlebih ada aroma kura-kura Bone, kebo Cikeas di sekitar Ketua @KPK_RI, laluâ€¦"
1471458987287531521,1383813250316308483,Luthfi Rashya,LuthfiRashya,,2021-12-16 12:35:35,Twitter for Android,"RT @KangUtang04: #BelaAniesPresiden2024 
#BelaAniesPresiden2024 
@AwanBiru7654
@BFofZlhan
@Paijo64854574
@Kumis20191
@Ibrahim96374387
@dipoâ€¦"
1471458978362056706,98621442,sendy,sendysuwanto,,2021-12-16 12:35:33,Twitter for Android,"RT @__AnakKolong: HANYA ULAR TOA YANG LICIN &amp; SULIT DIJERAT | terlebih ada aroma kura-kura Bone, kebo Cikeas di sekitar Ketua @KPK_RI, laluâ€¦"
1471458947009638401,761894055047376897,.ğŸ‡®ğŸ‡©ivan,Ivan23683770,,2021-12-16 12:35:26,Twitter for iPhone,@RikkyKurus4 @KPK_RI Bubarkan @KPK_RI percuma ada jg tdk beryali lg atau angkat yg lbh tegas. Lg
1471458830240256002,59740104,Grunge People,_Audaxviator,Indonesia,2021-12-16 12:34:58,Twitter for Android,"@Banghad11388047 @FerdinandHaean3 @KPK_RI Haha, picture profil aja lu pake sorban tapi otak mesum
Pasti pengikut Paâ€¦ https://t.co/sKTosTJQy6"
1471458578686824449,4262560934,ğŸ‘ˆ Faza Art ğŸ‘‰,imamdxlabel,,2021-12-16 12:33:58,Twitter for Android,@YustusHarefa @FerdinandHaean3 @KPK_RI Warga DKI????? Lu aja bareng kebo
1471458448642490370,1427655044980101132,IriAnto,IriAnto77074950,,2021-12-16 12:33:27,Twitter for Android,@bintangku206 @FerdinandHaean3 @KPK_RI KPKPOLRI Posisi?! Saya mau tanya apad bisa Lidik kembali SUMBER GAK WARAS siâ€¦ https://t.co/tQqvg0Dxof
1471458367939878914,1315999915403698176,Bang2Tut,RodiSahrono,,2021-12-16 12:33:07,Twitter for Android,@AngingMamiri26 @KPK_RI KPK emang anj*Ng...b*ngs*t...takut bgt sama anies
1471458334612107265,1142137706840875008,Aktual Official,aktualofficial,Indonesia,2021-12-16 12:33:00,WordPress.com,"Vonis 5 Tahun Penjara, KPK â€˜Lemparâ€™ Gubernur Non Aktif Sulsel ke LapasÂ Sukamiskin https://t.co/lpEYTeth5B"
1471458270795612160,1159689173340585984,A K â„¢ |,__AnakKolong,Wherever you're not lookin',2021-12-16 12:32:44,Twitter Web App,"HANYA ULAR TOA YANG LICIN &amp; SULIT DIJERAT | terlebih ada aroma kura-kura Bone, kebo Cikeas di sekitar Ketua @KPK_RIâ€¦ https://t.co/e6unXzv0sX"
1471458246854516755,824467150765060096,KelianBanjar GarisKerasğŸ™…ğŸ½â€â™€ï¸ğŸ’¤,KelianBanjar_GK,"Denpasar, Bali",2021-12-16 12:32:39,Twitter for Android,"RT @lintang_ayoe: Selama aku magang, aku belajar penyusunan RKAP project dll untk 1 thn anggaran pekerjaan 

jdi kontraktor ga bisa abal2,â€¦"
1471458208128520194,1463532276285726731,kian santang,kiansan84154596,,2021-12-16 12:32:29,Twitter for Android,@pusakapp403 @YustusHarefa @FerdinandHaean3 @KPK_RI Jkt di daerah Royal tempat yg kamu tinton di videonya koleksi video porno rupanya
1471458039211311106,3276753565,â„™ğ• ğ•£ğ• ğ•¨ğ•Ÿğ•–ğ•¨ğ•¤,madjadiranaigy,,2021-12-16 12:31:49,Twitter for Android,"RT @OposisiCerdas: Diperiksa sebagai Tersangka Kasus Suap Pajak, Alfred Simanjuntak Tak Ditahan KPK
https://t.co/2tg54ZzJB8"
1471458021679185931,1092542857888612353,Boldnews.al,Boldnewsal,Albania,2021-12-16 12:31:45,Twitter Web App,"KPK shkarkon prokurorin Binas Nina
https://t.co/bzZCfkMgnn
#BoldNews"
1471457999457697796,2646662036,yazied,ijo_11614,Indonesia,2021-12-16 12:31:40,Twitter for Android,"@FerdinandHaean3 @KPK_RI Kalo bodoh di simpan y ,jgn di buka ke publik"
1471457876241575936,3327772232,AS,eddy_AS_111,,2021-12-16 12:31:10,Twitter for Android,"RT @FerdinandHaean3: Jk gagal Juni 2022, mk Anies Baswedan hrs dipenjarakan karena telah merugikan keuangan negara sangat besar..!!! Rakyatâ€¦"
1471457827721859073,1321801888908537858,Binsar Ritonga,BinsarRitonga4,"Kalimantan Barat, Indonesia",2021-12-16 12:30:59,Twitter for Android,"RT @Ginturaja: KPK meminta data tambahan kepada pelapor dugaan korupsi bisnis PCR yang dilakukan oleh pembantu Presiden Joko Widodo, salahâ€¦"
1471457728635629573,1427655044980101132,IriAnto,IriAnto77074950,,2021-12-16 12:30:35,Twitter for Android,@FerdinandHaean3 @KPK_RI Kalo dibandingkan dgn UTANG junjunganmu??
1471457645022171137,1470778150795759616,Jun Tutik,JunTutik,,2021-12-16 12:30:15,Twitter for Android,"@FerdinandHaean3 @KPK_RI Jgn dibiarkan saja ,"
1471457594304647168,1327148918921187332,Indonesia Ku,Indones30065690,,2021-12-16 12:30:03,Twitter for Android,"RT @AnakLolina2: Wajar jika Balai kota Jakarta tetap adem &amp; merasa tidak melakukan kesalahan meski ;
- Rusun bermasalah
- Formula E tidak jâ€¦"
1471457463866036224,1410822182150631427,Amran Poe,PoeAmran,,2021-12-16 12:29:32,Twitter Web App,@PrataRoti @AngingMamiri26 @KPK_RI Ada sih cm ngawasin ajağŸ˜³ğŸ¤ª
1471457419112824833,410440006,Itok Arseto,i_arseto,Indonesia,2021-12-16 12:29:21,Twitter for Android,"RT @Batman_Monyok: Ada yang menyalahkan kontrator sumur resapan, padahal yang menentukan lokasi proyek dan anggaran itu pemprov.

Coba yangâ€¦"
1471457380110004227,1254322180373884930,ğŸ”° ğ—§ğ—µğ—² ğ—–ğ—¼ğ—ºğ—ºğ—¼ğ—»ğ—²ğ—¿ğ˜€,RiuRizkiUtomo_,,2021-12-16 12:29:12,Twitter for Android,"RT @berharapdamai: @RiuRizkiUtomo_ Kalo akhirnya lolos dari kpk, hrs diakui di top markotop"
1471457303295508480,1460408542549069830,bakiakdore,bakiakdore,,2021-12-16 12:28:54,Twitter for Android,"@AngingMamiri26 @KPK_RI sekarang balaikota sepeninggal ahok, pesta pora"
1471457258835877896,1322816862019678209,Dimas EP,DimasEP11,,2021-12-16 12:28:43,Twitter for Android,@FerdinandHaean3 @KPK_RI gak bosen bang nyerang anies mulu wkwkwkw
1471457194163900417,1460408542549069830,bakiakdore,bakiakdore,,2021-12-16 12:28:28,Twitter for Android,@bumbelbi1999 @AngingMamiri26 @KPK_RI memang dari.kepala sampai.kaki udah nia5 maling. makanya dipecah2
1471457192867885061,979343748751486976,@Nw_gondrong373c,gondrong373c,Indonesia,2021-12-16 12:28:27,Twitter for Android,"RT @geloraco: Jika Jokowi Tidak Jelaskan Sumber Uang Saham Kaesang, Muslim Arbi: KPK Wajib Usut karena Dicurigai Hasil Gratifikasi
https://â€¦"
1471457148479541250,2622807456,syahrulsyah,syahrulsyah88,,2021-12-16 12:28:17,Twitter for Android,"@1keadilan Apa pantas kita mempertanyakan #DarimanaDuitKaesang kan dia anak presiden, dan pengusaha lagi, sekali laâ€¦ https://t.co/5PKI4EtVLS"
1471457109204082688,758425345,jyantocan,jyantocan,,2021-12-16 12:28:07,Twitter for Android,"RT @AngingMamiri26: Duh cammana mereka ini menyerahkan pengerjaan proyek ke kontraktor abal2.
Makanya pengerjaannya asal2an.

Pak @KPK_RI mâ€¦"
1471457093316087808,1313083559377162240,ğ‘´ğ’†ğ’Œğ’‚ğ’“ ğ‘†ğ‘ğ‘Ÿğ‘– ğ’ğ’†ğ’˜ğ’”,05_ok20,,2021-12-16 12:28:04,Twitter for Android,"RT @geloraco: Jika Jokowi Tidak Jelaskan Sumber Uang Saham Kaesang, Muslim Arbi: KPK Wajib Usut karena Dicurigai Hasil Gratifikasi
https://â€¦"
1471457002861649922,1460408542549069830,bakiakdore,bakiakdore,,2021-12-16 12:27:42,Twitter for Android,"@AngingMamiri26 @KPK_RI katanya asn dki pinter pinter, gaji gede. mosok administrasi gini aja belepotan"
1471456946377003008,1348674492453687302,Indi Wage,IndiWage,,2021-12-16 12:27:29,Twitter for Android,"RT @geloraco: Jika Jokowi Tidak Jelaskan Sumber Uang Saham Kaesang, Muslim Arbi: KPK Wajib Usut karena Dicurigai Hasil Gratifikasi
https://â€¦"
1471456909009948673,2530482194,Ramon yap,pramono_yap,"Serang, Indonesia",2021-12-16 12:27:20,Twitter for Android,@YustusHarefa @FerdinandHaean3 @KPK_RI Lah namanya jg tus tus brutus kaum terjemahan
1471456898901704705,1079584435882749957,Lembu Sekilan,SaveEar52249625,,2021-12-16 12:27:17,Twitter for Android,"RT @geloraco: Jika Jokowi Tidak Jelaskan Sumber Uang Saham Kaesang, Muslim Arbi: KPK Wajib Usut karena Dicurigai Hasil Gratifikasi
https://â€¦"
1471456868606169089,265863267,Surya Borneo,SuryaBorneo,.......,2021-12-16 12:27:10,Twitter for Android,"RT @Ginturaja: KPK meminta data tambahan kepada pelapor dugaan korupsi bisnis PCR yang dilakukan oleh pembantu Presiden Joko Widodo, salahâ€¦"
1471456862742597632,3255362880,Herlin,Herlin_673YP,"DKI Jakarta, Indonesia",2021-12-16 12:27:09,Twitter for Android,"RT @AnakLolina2: Wajar jika Balai kota Jakarta tetap adem &amp; merasa tidak melakukan kesalahan meski ;
- Rusun bermasalah
- Formula E tidak jâ€¦"
1471456821978152961,1144263434227408898,NKRI,Gendorowo3,"Indiana, USA",2021-12-16 12:26:59,Twitter for Android,"RT @Prihandono72: @mahasiswigenz @zefry1974 Pantass....
Kasus Formula E ...seperti Mandek
Tapi KPK malah sibuk dengan Jeruk 3 ton"
1471456759495622660,2384696084,â‚£â±¤â‚³â‚¦â‚­,RonaldLampard8,NKRI,2021-12-16 12:26:44,Twitter for Android,"RT @AnakLolina2: Wajar jika Balai kota Jakarta tetap adem &amp; merasa tidak melakukan kesalahan meski ;
- Rusun bermasalah
- Formula E tidak jâ€¦"
1471456747185655808,1363331618673332227,wawan,wawan85936154,,2021-12-16 12:26:41,Twitter Web App,"RT @AnakLolina2: Wajar jika Balai kota Jakarta tetap adem &amp; merasa tidak melakukan kesalahan meski ;
- Rusun bermasalah
- Formula E tidak jâ€¦"
1471456731100172291,1144263434227408898,NKRI,Gendorowo3,"Indiana, USA",2021-12-16 12:26:37,Twitter for Android,"RT @MawarDjingga2: @AndiChTh @mahasiswigenz @KPK_RI Kalo gitu gw yakin dah skrng ternyata Firli itu ngadrun juga,pantesan gak mauuuu ngusutâ€¦"
1471456536702509058,1447963634722754564,Bandy Hudiharto,bandy_hudiharto,"Kota Medan, Sumatera Utara",2021-12-16 12:25:51,Twitter for Android,"RT @FerdinandHaean3: Jk gagal Juni 2022, mk Anies Baswedan hrs dipenjarakan karena telah merugikan keuangan negara sangat besar..!!! Rakyatâ€¦"
1471456412337250305,1380115568481562624,Alifa Naura,AlifaNaura6,,2021-12-16 12:25:21,Twitter for Android,"@_Audaxviator @FerdinandHaean3 @KPK_RI Ngebacot doang loe. Kayak emak"" mulutnya"
1471456337502498816,2364863990,Ime D ğŸ´ğŸ´ğŸ´,imed_79,,2021-12-16 12:25:03,Twitter for Android,"RT @geloraco: Jika Jokowi Tidak Jelaskan Sumber Uang Saham Kaesang, Muslim Arbi: KPK Wajib Usut karena Dicurigai Hasil Gratifikasi
https://â€¦"
1471456329382334466,1181071158386409473,"Launching New Virus,..ğŸ™„",karyawantree,"Cengkareng, Indonesia",2021-12-16 12:25:01,Twitter for Android,@Vie4nne @KPK_RI @PIP_KPK Tidak sedang Invalid kan...#UsutUangGibran #UsutUangGibran
1471456329373872129,1321479370293194760,Bang Hadi,Banghad11388047,Jakarta,2021-12-16 12:25:01,Twitter for Android,@_Audaxviator @FerdinandHaean3 @KPK_RI Nonton BF aja Sono...... Koleksi banyak dianggurin....
1471456245605224449,1378750203121913857,ğŸ‡®ğŸ‡©NyonkAmbonDayakğŸ‡®ğŸ‡©,nyonkambondayak,"Kalimantan Tengah, Indonesia",2021-12-16 12:24:41,Twitter for Android,"RT @AngingMamiri26: Duh cammana mereka ini menyerahkan pengerjaan proyek ke kontraktor abal2.
Makanya pengerjaannya asal2an.

Pak @KPK_RI mâ€¦"
1471456221769043973,2169419340,Catur Handoko A,Ctr_Bowo,"Cilandak, Indonesia",2021-12-16 12:24:36,Twitter for iPhone,"@Rakyat_Recehan @KejaksaanRI @KPK_RI @fpdip_jakarta @gembong_warsono Masalahnya Instansi yg berwenang merem semua, piye dong ?"
1471456156363100160,928687399,Bocil chantix..,NasrullahAlhad1,Chicago,2021-12-16 12:24:20,Twitter Web App,"@AngingMamiri26 @KPK_RI Selama firli yg jadi ketua KPK aman itu anies, krn mrk 1 genk. Ekspektasi kita pd firli terâ€¦ https://t.co/CJeYZukj7F"
1471456147869560832,1658086969,PASS OVER ğŸ™,akun_easy,,2021-12-16 12:24:18,Twitter for Android,@Fer_78748 Jan2 ne firli ki .. ketua @KPK_RI Ã tau ketua parte... ğŸ¤”ğŸ¤”
1471456090772570116,745996312882061312,Itjen Kemenkeu,ItjenKemenkeu,"Jakarta Pusat, DKI Jakarta",2021-12-16 12:24:05,Twitter for iPhone,"Nah, gratifikasi yang diterima harus dilaporkan ke UPG yang kemudian akan disampaikan ke KPK. Gratifikasi tersebutâ€¦ https://t.co/ByWKmTuTZa"
1471456036582137863,484607777,johorfm,johorfm,Johor,2021-12-16 12:23:52,Twitter for Android,RT @DGHisham: Kenyataan Akhbar KPK 16 Disember 2021 â€“ Situasi Semasa Jangkitan Penyakit Coronavirus 2019 (COVID-19) diÂ Malaysia https://t.câ€¦
1471455987114528771,98621442,sendy,sendysuwanto,,2021-12-16 12:23:40,Twitter for Android,"RT @AnakLolina2: Wajar jika Balai kota Jakarta tetap adem &amp; merasa tidak melakukan kesalahan meski ;
- Rusun bermasalah
- Formula E tidak jâ€¦"
1471455976888754182,1380115568481562624,Alifa Naura,AlifaNaura6,,2021-12-16 12:23:37,Twitter for Android,@FerdinandHaean3 @KPK_RI Nggk bosan apa ngebacot doang Lae.
IdTweet,IdUser,UserName,ScreenName,Location,TweetAt,UploadTweet,OriginalTweet
1471455892457463815,1462801526225657856,Chachatrien,Chachatrien1,,2021-12-16 12:23:17,Twitter for Android,"RT @FerdinandHaean3: Jk gagal Juni 2022, mk Anies Baswedan hrs dipenjarakan karena telah merugikan keuangan negara sangat besar..!!! Rakyatâ€¦"
1471455855841210368,1301403194862387200,(à¸‡'Ì€-'Ì)à¸‡,M0nasUniversity,,2021-12-16 12:23:09,Twitter for Android,@sanuri118___zz @sitifarida2nkri @FerdinandHaean3 lucunya gak ada tindakan apapun dr aparat penegak hukum maupun dr KPK.. ğŸ˜ª
1471455836132102144,1468045476800843779,Abed Nego Purba Girsang,namapenggunaego,,2021-12-16 12:23:04,Twitter for Android,"@CNNIndonesia Sampah kali kata-kata si mahfud ini bilang aja selama kau jadi menkopolhukam, km 50, kpk, korting penâ€¦ https://t.co/pVv315GAeG"
1471455796558917633,1232710453173735426,@Eddot_Cinta_NKRIğŸ‡²ğŸ‡¨ğŸ‡²ğŸ‡¨ğŸ’ªğŸ’ª,edotsss,,2021-12-16 12:22:54,Twitter for Android,"@AngingMamiri26 @KPK_RI Mungkin @KPK_RI sdh dpt dana hibah 10T
Jd mingkem bae"
1471455788338016261,1448858052749246464,Lemonmanis Lemon,LLemonmanis,,2021-12-16 12:22:52,Twitter for Android,"@FerdinandHaean3 @KPK_RI Rakyat yg mana bos,ada kaca gk rumah? ğŸ˜€ğŸ˜€ğŸ˜€ğŸ˜€"
1471455591784611840,1399402572956372992,ğ•¾ğ–ğ–†ğ–ğ–†ğ–†ğ–“âœŠğŸ‡®ğŸ‡©ğŸ‡®ğŸ‡©ğŸ‡®ğŸ‡©,Siahaan777111,,2021-12-16 12:22:06,Twitter for Android,"RT @AnakLolina2: Wajar jika Balai kota Jakarta tetap adem &amp; merasa tidak melakukan kesalahan meski ;
- Rusun bermasalah
- Formula E tidak jâ€¦"
1471455581311483907,75070503,BingoOne,bingoonez,,2021-12-16 12:22:03,Twitter for Android,"RT @AnakLolina2: Wajar jika Balai kota Jakarta tetap adem &amp; merasa tidak melakukan kesalahan meski ;
- Rusun bermasalah
- Formula E tidak jâ€¦"
1471455563636613134,1454008204027854853,H.M. Murah,HMMurah3,Dekat Lautan  NYI Roro Kidul,2021-12-16 12:21:59,Twitter Web App,Apakah Ada Hubungan Dgn Pandora Paper Kemplang Pajak-pajak Gratis ? Mengapa @KPK_RI Diem2 Bae ? https://t.co/LCrV4Fg9vy
1471455547702460418,928687399,Bocil chantix..,NasrullahAlhad1,Chicago,2021-12-16 12:21:55,Twitter Web App,"RT @AngingMamiri26: Duh cammana mereka ini menyerahkan pengerjaan proyek ke kontraktor abal2.
Makanya pengerjaannya asal2an.

Pak @KPK_RI mâ€¦"
1471455532854611968,1463414462593974274,Haura anjayani,haur_annjyani2,,2021-12-16 12:21:52,Twitter Web App,Kan udah diusut pak Emang dibiarin Sampe skrg pun masih diselidiki ke akar akarnya pak masih penanganan Kejaksaan Aâ€¦ https://t.co/VCcT5XUa8l
1471455301823987717,1354135296812564480,Roti Prata,PrataRoti,,2021-12-16 12:20:56,Twitter for Android,@AngingMamiri26 @KPK_RI Emangnya masih ada kpk buat awasin dki?
1471455288267993092,59740104,Grunge People,_Audaxviator,Indonesia,2021-12-16 12:20:53,Twitter for Android,@Banghad11388047 @FerdinandHaean3 @KPK_RI Percuma punya smartphone klo user nya gak smart..
1471455283901702146,810530244159475713,si Doel anak Gus Suran,gandinsuga,"Cibinong, Indonesia",2021-12-16 12:20:52,Twitter for iPhone,"RT @geloraco: Jika Jokowi Tidak Jelaskan Sumber Uang Saham Kaesang, Muslim Arbi: KPK Wajib Usut karena Dicurigai Hasil Gratifikasi
https://â€¦"
1471455108567236608,1011123580375986176,Elank1980,Elank1980,,2021-12-16 12:20:10,Twitter Web App,@DewiLie01 Kayaknya ada yg usulkan agar pak BTP menjabat sbgai ketua KPK...apa benar..?
1471455082352832517,1090112460,Jurnas.com,jurnascom,Indonesia,2021-12-16 12:20:04,dlvr.it,KPK Jebloskan Nurdin Abdullah ke Lapas Sukamiskin https://t.co/HopxpfwSyN https://t.co/ZTgiMvPuDy
1471455061188349952,48314016,Hasanudin,Hasanudin,indramayu,2021-12-16 12:19:59,Twitter for Android,"RT @AnakLolina2: Wajar jika Balai kota Jakarta tetap adem &amp; merasa tidak melakukan kesalahan meski ;
- Rusun bermasalah
- Formula E tidak jâ€¦"
1471455055236644864,1227363761549279232,Berlin 2,Berlin220,,2021-12-16 12:19:58,Twitter for Android,"RT @FerdinandHaean3: Jk gagal Juni 2022, mk Anies Baswedan hrs dipenjarakan karena telah merugikan keuangan negara sangat besar..!!! Rakyatâ€¦"
1471454958193045506,861046363,TIA S. HI5HTLI5HT,T14503NG,,2021-12-16 12:19:35,Twitter Web App,"RT @AngingMamiri26: Duh cammana mereka ini menyerahkan pengerjaan proyek ke kontraktor abal2.
Makanya pengerjaannya asal2an.

Pak @KPK_RI mâ€¦"
1471454791909838850,73084689,Ferry WF ğŸ‡®ğŸ‡©,ferrywf,,2021-12-16 12:18:55,Twitter for iPhone,"RT @AnakLolina2: Wajar jika Balai kota Jakarta tetap adem &amp; merasa tidak melakukan kesalahan meski ;
- Rusun bermasalah
- Formula E tidak jâ€¦"
1471454742605824002,22443402,toembal,toembal,,2021-12-16 12:18:43,Twitter for Android,"RT @OposisiCerdas: Diperiksa sebagai Tersangka Kasus Suap Pajak, Alfred Simanjuntak Tak Ditahan KPK
https://t.co/2tg54ZzJB8"
1471454719151329287,1451869982275485708,Pengembala,Pengemb41255385,"Jawa Timur, Indonesia",2021-12-16 12:18:38,Twitter for Android,RT @Avilaspirit1: Selama @KPK_RI tidak menelusuri dana formula E berarti FIX 2024 si Anus akan bergandengan dgn Si Anak Pepo utk CAPRES CAWâ€¦
1471454693914132480,735444618515353601,â™ï¸ğŸ…°ï¸â,maximus_syukur,"Bali, Indonesia",2021-12-16 12:18:31,Twitter for iPhone,"RT @AngingMamiri26: Duh cammana mereka ini menyerahkan pengerjaan proyek ke kontraktor abal2.
Makanya pengerjaannya asal2an.

Pak @KPK_RI mâ€¦"
1471454673999589378,73084689,Ferry WF ğŸ‡®ğŸ‡©,ferrywf,,2021-12-16 12:18:27,Twitter for iPhone,"RT @Rakyat_Recehan: Langsung hitung aja dugaan potensi KERUGIAN UANG NEGARA dari BOBROK nya hasil kerja SUMUR RESAPAN.

Termasuk kerugian Jâ€¦"
1471454584421842944,456426648,Merdeka.com,merdekadotcom,Indonesia,2021-12-16 12:18:05,dlvr.it,KPK Jebloskan Eks Gubernur Sulsel Nurdin Abdullah ke Lapas Sukamiskin https://t.co/pqErtNxTuw
1471454493741101062,576391692,Kelana,LC01L,,2021-12-16 12:17:44,Twitter Web App,"RT @AngingMamiri26: Duh cammana mereka ini menyerahkan pengerjaan proyek ke kontraktor abal2.
Makanya pengerjaannya asal2an.

Pak @KPK_RI mâ€¦"
1471454490003841024,1136076654260805632,JenDro,HendroJenn,,2021-12-16 12:17:43,Twitter for Android,RT @Avilaspirit1: Selama @KPK_RI tidak menelusuri dana formula E berarti FIX 2024 si Anus akan bergandengan dgn Si Anak Pepo utk CAPRES CAWâ€¦
1471454483922100230,1410822182150631427,Amran Poe,PoeAmran,,2021-12-16 12:17:41,Twitter Web App,@Pemberang1 @aniesbaswedan Dan KPK sepertinya tdk berdayağŸ˜­
1471454352992706563,1420245001942962186,Milky,Ediebudi1,,2021-12-16 12:17:10,Twitter Web App,@YustusHarefa @FerdinandHaean3 @KPK_RI Coba pengen tau lo kumpulin warga DKI gerombolan lo demo anies sbrapa banyakâ€¦ https://t.co/GdxCwWJaqG
1471454330704195584,1104015217246138368,Lintang,lintang_ayoe,"Pulau Rakyat, Indonesia",2021-12-16 12:17:05,Twitter for Android,"@Didik81951800 @DKIJakarta @KPK_RI Soal kantor Mie Ayam

ini jawabannya 
https://t.co/JkGP8IWuWM"
1471454315814469635,576391692,Kelana,LC01L,,2021-12-16 12:17:01,Twitter Web App,"RT @FerdinandHaean3: Jk gagal Juni 2022, mk Anies Baswedan hrs dipenjarakan karena telah merugikan keuangan negara sangat besar..!!! Rakyatâ€¦"
1471454263775621121,1128389848140615680,Chitato,becak125cc,,2021-12-16 12:16:49,Twitter for Android,RT @VeelaaRhie: Pantesan Impoten ke Gotbener Anies tuh ketua @KPK_RI ternyata Jongos presiden mangkrak ğŸ˜³
1471454230196064258,1294229300221100033,M Sururi,MSururi14,,2021-12-16 12:16:41,Twitter for Android,"RT @AngingMamiri26: Duh cammana mereka ini menyerahkan pengerjaan proyek ke kontraktor abal2.
Makanya pengerjaannya asal2an.

Pak @KPK_RI mâ€¦"
1471454225838194691,1453406182031314950,Nio Fristiawan,NFristiawan,,2021-12-16 12:16:40,Twitter for Android,@FerdinandHaean3 @KPK_RI Nyinyir kali ah abg ni...ğŸ˜‚ğŸ˜‚ğŸ˜‚
1471454212869345282,1104015217246138368,Lintang,lintang_ayoe,"Pulau Rakyat, Indonesia",2021-12-16 12:16:37,Twitter for Android,"@RyaWiedy @inrachma @DKIJakarta @KPK_RI ğŸ˜…ğŸ‘

admin diajak payung sklian Bu, temn2 sklian payung sklin admin"
1471454155566817284,878662313925935104,Syafri Sikumbang,MohSyfri,,2021-12-16 12:16:23,Twitter for Android,"RT @AngingMamiri26: Duh cammana mereka ini menyerahkan pengerjaan proyek ke kontraktor abal2.
Makanya pengerjaannya asal2an.

Pak @KPK_RI mâ€¦"
1471454146087698436,1127905857071603717,Herman Kusuma Widjaja,HermanKusumaWi3,,2021-12-16 12:16:21,Twitter for iPhone,"@Batman_Monyok @KPK_RI Nah ini baru bener, para kontraktor buka suara berapa anggaran dan berapa yg mereka terima.â€¦ https://t.co/z5ukEDYI2Y"
1471454133483802624,85986264,SANTRIKU MAT,santrikumat,"Kota Surabaya, Jawa Timur",2021-12-16 12:16:18,Twitter for Android,@FerdinandHaean3 @KPK_RI Sama saya juga muak dgn semua ocehanmu bedebahhhh
1471454094321618945,129364027,TitÃ©nono KowÃ©,SydSalesman,Mlati Glondong - Sleman,2021-12-16 12:16:09,Twitter for Android,"RT @AnakLolina2: Wajar jika Balai kota Jakarta tetap adem &amp; merasa tidak melakukan kesalahan meski ;
- Rusun bermasalah
- Formula E tidak jâ€¦"
1471454094275407874,1405172309049036800,Killua Zoldyck,xtimur21,,2021-12-16 12:16:09,Twitter for Android,"RT @AngingMamiri26: Duh cammana mereka ini menyerahkan pengerjaan proyek ke kontraktor abal2.
Makanya pengerjaannya asal2an.

Pak @KPK_RI mâ€¦"
1471454065334751232,335019529,ğŸ…³ğŸ…¹ğŸ…¾ğŸ…½ ğŸ…¿ğŸ†/ğ•ğ•’ğ•™ğ•ªğ•’ ğ”¸ğ”½,djonprasetyanto,,2021-12-16 12:16:02,Twitter for Android,"RT @AdvSupyadi: Kasus bisnis tes PCR yang diduga melibatkan 2 menteri semakin senyap saja, padahal sudah dilaporkan ke KPK, tapi @KPK_RI seâ€¦"
1471454056635719681,1104015217246138368,Lintang,lintang_ayoe,"Pulau Rakyat, Indonesia",2021-12-16 12:16:00,Twitter for Android,"RT @RyaWiedy: @lintang_ayoe @inrachma @DKIJakarta @KPK_RI HahahağŸ˜…
Kl aku biasanya males kerjakan LPJ Keuangan, suruh staf aja urus segala kâ€¦"
1471454047827738624,1159689173340585984,A K â„¢ |,__AnakKolong,Wherever you're not lookin',2021-12-16 12:15:57,Twitter Web App,RT @Avilaspirit1: Selama @KPK_RI tidak menelusuri dana formula E berarti FIX 2024 si Anus akan bergandengan dgn Si Anak Pepo utk CAPRES CAWâ€¦
1471454028798193664,1451869982275485708,Pengembala,Pengemb41255385,"Jawa Timur, Indonesia",2021-12-16 12:15:53,Twitter for Android,"RT @mahasiswigenz: Ketika si tuyul lagi bener ngomongnya dan skrg kinerja KPK @KPK_RI patut dipertanyakan

https://t.co/yPV83Ypqn4 https://â€¦"
1471453870177996806,731957088,Bahamas ğŸ‡®ğŸ‡©ğŸ‡®ğŸ‡©,SoniMsi07,,2021-12-16 12:15:15,Twitter for Android,"RT @AnakLolina2: Wajar jika Balai kota Jakarta tetap adem &amp; merasa tidak melakukan kesalahan meski ;
- Rusun bermasalah
- Formula E tidak jâ€¦"
1471453789425057792,59450032,Lucky Meow ğŸ€,meow_leader,Turks and Caicos Islands,2021-12-16 12:14:56,Twitter for Android,"@AngingMamiri26 @KPK_RI Apa karena budgetnya yg dipecahÂ² dibawah 200 juta, biar bisa penunjukan langsung?"
1471453787042709505,3326797526,MENCINTAI_MU,SamuelPHarahap,Indonesia,2021-12-16 12:14:55,Twitter for Android,@Ar07Pangeran @firlibahuri @KPK_RI Ohhh.. ternyata ...
1471453773981646848,1682790576,Pitrayadi Subakrie,pitrayadi23,Indonesia,2021-12-16 12:14:52,Twitter for iPhone,"Kemudian fee commitment pembelian alkes Manado, Donggala, Kapuas, Bintan dan masih banyak lagi dimana harus ada feeâ€¦ https://t.co/9Uma43rQsE"
1471453727328403460,731957088,Bahamas ğŸ‡®ğŸ‡©ğŸ‡®ğŸ‡©,SoniMsi07,,2021-12-16 12:14:41,Twitter for Android,"RT @EFEKDOMINO1986: Penyelidikan KPK nggak tau udah sampe mana..!!..lambatnya luar biasa.
kalau nggak sanggup,serahkan saja ke Kejagung..."
1471453697377181699,334913108,404 not found,alwimaliki,Tangerang,2021-12-16 12:14:34,Twitter for Android,@FerdinandHaean3 @KPK_RI Wakakakaj bipang kelojotan
1471453630607740929,1423097462168948737,Yanto,Yanto50319748,,2021-12-16 12:14:18,Twitter for Android,@ajw_ari @alan09892662 @hprasetyo46 @geloraco @jokowi @KPK_RI @DivHumas_Polri Dia kmu gtukn langsung ngumpet
1471453617810903041,1273522502988230656,IamAndy95,IamAndy95,,2021-12-16 12:14:15,Twitter for Android,@surtirta @yarachantique Emang ketua KPK yg menentukan Presiden?? ğŸ¤”
1471453609401323520,269104638,RAKKU39ğŸŒ¸,Edogawa034,"Kota Cilegon, Banten",2021-12-16 12:14:13,Twitter for Android,"RT @AnakLolina2: Wajar jika Balai kota Jakarta tetap adem &amp; merasa tidak melakukan kesalahan meski ;
- Rusun bermasalah
- Formula E tidak jâ€¦"
1471453603361542149,1122521081489657857,Andre Fachniadin,fachniadin,,2021-12-16 12:14:11,Twitter for Android,@elleanor12 @geloraco @KPK_RI Idiot. Bedain kaesang ama gibran aja ga bisa
1471453588249464833,1344453850707595269,Vieanne,Vie4nne, West Yorkshire,2021-12-16 12:14:08,Twitter Web App,"Direktur Gerakan Perubahan, Muslim Arbi mengatakan jika Jokowi hanya diam dan tidak menjelaskan kepada publik, makaâ€¦ https://t.co/NiNkmoKBFo"
1471453579470798850,1344453850707595269,Vieanne,Vie4nne, West Yorkshire,2021-12-16 12:14:06,Twitter Web App,"Presiden Joko Widodo dianggap harus ikut menjelaskan asal usul uang yang digunakan anaknya, Kaesang Pangarep, untukâ€¦ https://t.co/vpmMHm6ggk"
1471453545249468421,1351186986,TÌ¶EÌ¶GÌ¶AÌ¶RÌ¶ : GÌ¶AÌ¶RÌ¶IÌ¶SÌ¶ LÌ¶UÌ¶RÌ¶UÌ¶SÌ¶ âœï¸ ğŸ‡®ğŸ‡©ğŸ‡®ğŸ‡©ğŸ‡®ğŸ‡©,saposikompak,"Medan Maimun, Indonesia",2021-12-16 12:13:58,Twitter for Android,"RT @Rakyat_Recehan: Langsung hitung aja dugaan potensi KERUGIAN UANG NEGARA dari BOBROK nya hasil kerja SUMUR RESAPAN.

Termasuk kerugian Jâ€¦"
1471453539700412418,801370233713803264,REZKY ADITYA,PandawaPhone,,2021-12-16 12:13:56,Twitter for Android,@KakekHalal @firlibahuri Ganti Ketua KPK segera...
1471453509920854021,592458835,Mengenang Setahun 6 SYUHADA,alisya999,"DKI Jakarta, Indonesia",2021-12-16 12:13:49,Twitter for Android,"Coba pihak yg kompeten kayak dirjen pajak, KPK, dan kementerian investasi segera seliduki ini. Gak kebayangkan kloâ€¦ https://t.co/vOV9cD7her"
1471453498235629572,1430845555186544642,Gul hussain,Gulhuss57314757,,2021-12-16 12:13:46,Twitter for Android,@Mnasirbuttt Sir kpk swat main kab hongiii pleaseee
1471453483165384706,1081357973706821633,faiz,sangpra91120853,"Jawa Tengah, Indonesia",2021-12-16 12:13:43,Twitter for Android,"@FerdinandHaean3 @KPK_RI fh..kasian, seperti anjing"
1471453468867002368,296095596,Krisna Pambudi,Ill_Tsar,,2021-12-16 12:13:39,Twitter for Android,"RT @OposisiCerdas: Jika Jokowi Tidak Jelaskan Sumber Uang Saham Kaesang, Muslim Arbi: KPK Wajib Usut karena Dicurigai Hasil Gratifikasi
httâ€¦"
1471453468376268802,446045067,bebinsa putra,bebinsaputra,Sekayu-Palembang-Sumsel,2021-12-16 12:13:39,Twitter for Android,@FerdinandHaean3 @KPK_RI Rakyat mana sih?
1471453451288657925,1274692557784543237,Remaja Muslim,Pencerah__,Monas,2021-12-16 12:13:35,Twitter for Android,"RT @AnakLolina2: Wajar jika Balai kota Jakarta tetap adem &amp; merasa tidak melakukan kesalahan meski ;
- Rusun bermasalah
- Formula E tidak jâ€¦"
1471453391628881926,1381588909751078916,Iâ€™á—° á—·Oá–‡á—´á—ª,llian_91,,2021-12-16 12:13:21,Twitter for Android,"RT @geloraco: Jika Jokowi Tidak Jelaskan Sumber Uang Saham Kaesang, Muslim Arbi: KPK Wajib Usut karena Dicurigai Hasil Gratifikasi
https://â€¦"
1471453379582775297,1335561916131905539,Sabdo Palon,SabdoPa27295009,,2021-12-16 12:13:18,Twitter for Android,RT @Avilaspirit1: Selama @KPK_RI tidak menelusuri dana formula E berarti FIX 2024 si Anus akan bergandengan dgn Si Anak Pepo utk CAPRES CAWâ€¦
1471453337979478023,1604295606,#GoodDay ğŸ‡®ğŸ‡© #Vaccinated,budi1439h,"Jagakarsa, Indonesia",2021-12-16 12:13:08,Twitter for Android,@soen_cak Apakah mungkin ada 2 Faksi Taliban di tubuh @KPK_RI ??? https://t.co/SO8DUwl42q
1471453334120779778,388190238,IDN Times,idntimes,,2021-12-16 12:13:07,dlvr.it,"Nurdin juga harus bayar uang pengganti hingga Rp5,7 miliar https://t.co/Ww5aZ5pZb2"
1471453265199988739,1214152642240188418,Didik,Didik81951800,,2021-12-16 12:12:51,Twitter for Android,@lintang_ayoe @DKIJakarta @KPK_RI Kantor mie ayam..
1471453186720342017,1246821089818185728,Rikky Kurus,RikkyKurus4,,2021-12-16 12:12:32,Twitter Web App,"Woi @KPK_RI , kalian masih hidup kan? ğŸ˜‚ https://t.co/Dk87SSgzgl"
1471453067581145088,1691465910,***Hans***,HansjayaHans,Jakarta,2021-12-16 12:12:04,Twitter Web App,"@Fer_78748 Mungkin mau ikutan nyapres belio.. karena dah tahu nikmatnya sebagai penguasa, walau saat ini hanya berkâ€¦ https://t.co/TfZeu2tRnE"
1471453007124447236,1404474236979212288,Nini Marniasti,NMarniasti,,2021-12-16 12:11:49,Twitter for Android,"RT @FerdinandHaean3: Jk gagal Juni 2022, mk Anies Baswedan hrs dipenjarakan karena telah merugikan keuangan negara sangat besar..!!! Rakyatâ€¦"
1471453006914752516,1468044134665502720,Indra Kisworo,indrakisworo02,,2021-12-16 12:11:49,Twitter for Android,@FerdinandHaean3 @KPK_RI Amin ya robbal alamin
1471452968369094668,979343748751486976,@Nw_gondrong373c,gondrong373c,Indonesia,2021-12-16 12:11:40,Twitter for Android,"RT @AngingMamiri26: Duh cammana mereka ini menyerahkan pengerjaan proyek ke kontraktor abal2.
Makanya pengerjaannya asal2an.

Pak @KPK_RI mâ€¦"
1471452860168622080,979343748751486976,@Nw_gondrong373c,gondrong373c,Indonesia,2021-12-16 12:11:14,Twitter for Android,"RT @AnakLolina2: Wajar jika Balai kota Jakarta tetap adem &amp; merasa tidak melakukan kesalahan meski ;
- Rusun bermasalah
- Formula E tidak jâ€¦"
1471452832112906242,335019529,ğŸ…³ğŸ…¹ğŸ…¾ğŸ…½ ğŸ…¿ğŸ†/ğ•ğ•’ğ•™ğ•ªğ•’ ğ”¸ğ”½,djonprasetyanto,,2021-12-16 12:11:08,Twitter for Android,"RT @geloraco: Jika Jokowi Tidak Jelaskan Sumber Uang Saham Kaesang, Muslim Arbi: KPK Wajib Usut karena Dicurigai Hasil Gratifikasi
https://â€¦"
1471452685169692677,1304110691192766470,Coba_Lagi,Coba_Lagi_,,2021-12-16 12:10:33,Twitter for Android,@tri_suharjanto @FerdinandHaean3 @KPK_RI Kmarin akibat salah bergaul ma kadrun
1471452617758756865,1239552456368906240,F K M T I,FKMTI2,Jkt ,2021-12-16 12:10:16,Twitter for Android,@aniesbaswedan @DKIJakarta @KPK_RI @KejaksaanRI Negara kalah dgn Pengembang. 20 thn fasum fasos tdk juga diserahkanâ€¦ https://t.co/sWW2OFVUih
1471452605540798466,1426946417289940993,4rni ğŸ‡®ğŸ‡©,miarni27,"Jakarta, Indonesia",2021-12-16 12:10:14,Twitter for Android,"RT @FerdinandHaean3: Jk gagal Juni 2022, mk Anies Baswedan hrs dipenjarakan karena telah merugikan keuangan negara sangat besar..!!! Rakyatâ€¦"
1471452603909218305,1289204505389629440,ğŸ‡²ğŸ‡¨ğŸ‡²ğŸ‡¨ğŸ‡²ğŸ‡¨LOVE@spiritğŸ‡²ğŸ‡¨ğŸ‡²ğŸ‡¨ğŸ‡²ğŸ‡¨,Avilaspirit1,,2021-12-16 12:10:13,Twitter for Android,Selama @KPK_RI tidak menelusuri dana formula E berarti FIX 2024 si Anus akan bergandengan dgn Si Anak Pepo utk CAPRâ€¦ https://t.co/BAbLGr80Ph
1471452584598671360,1211373575262785536,huzaimynur Ø­Ø²Ø§ÙŠÙ…ÙŠ ğŸ‡²ğŸ‡¾ğŸŒº,huzaimynur05,,2021-12-16 12:10:09,Twitter for iPad,RT @DGHisham: Kenyataan Akhbar KPK 16 Disember 2021 â€“ Situasi Semasa Jangkitan Penyakit Coronavirus 2019 (COVID-19) diÂ Malaysia https://t.câ€¦
1471452551723716609,1461458747335737345,hamdan muhammad,hamdanm58091695,,2021-12-16 12:10:01,Twitter Web App,@FerdinandHaean3 @KPK_RI buzeRp lagi menghasut?
1471452531469402117,22601309,Mitzhi,mitzuo,,2021-12-16 12:09:56,Twitter for Android,"@IDeph13 @widiajaya88 yeeee bego lo nambah....loe baca dunk isi artikel, cuma gugatan prapengadilan doang aja dibanâ€¦ https://t.co/350YQedDuV"
1471452504005099520,581666715,JagaAlam,saswil,Indonesia,2021-12-16 12:09:49,Twitter for Android,KPK nasibmu kiniğŸ‘ğŸ‘ğŸ‘ https://t.co/ae2cE9rL70
1471452493607424002,1108954377190924288,yong doellah,Gue93765948,,2021-12-16 12:09:47,Twitter for Android,@YustusHarefa @FerdinandHaean3 @KPK_RI taik kucing lu
1471452467950800897,1399589438645149701,BabangJago,BabangJ06898833,,2021-12-16 12:09:41,Twitter for Android,"RT @FerdinandHaean3: Jk gagal Juni 2022, mk Anies Baswedan hrs dipenjarakan karena telah merugikan keuangan negara sangat besar..!!! Rakyatâ€¦"
1471452419045588992,1231969720548511746,Danimas,Danimas19,,2021-12-16 12:09:29,Twitter for Android,"RT @AnakLolina2: Wajar jika Balai kota Jakarta tetap adem &amp; merasa tidak melakukan kesalahan meski ;
- Rusun bermasalah
- Formula E tidak jâ€¦"
1471452364481564673,1108954377190924288,yong doellah,Gue93765948,,2021-12-16 12:09:16,Twitter for Android,@FerdinandHaean3 @KPK_RI rakyat kolam kali
1471452327944982532,1457668109528010755,Sukadam Kadam,SukadamK,,2021-12-16 12:09:07,Twitter for Android,"RT @AngingMamiri26: Duh cammana mereka ini menyerahkan pengerjaan proyek ke kontraktor abal2.
Makanya pengerjaannya asal2an.

Pak @KPK_RI mâ€¦"
1471452325994590214,1034706424457121793,ğŸ¤— mb A a n [à¤†à¤¨ / ë­„],aanrandianar,"DKI Jakarta, Indonesia",2021-12-16 12:09:07,Twitter Web App,"RT @Batman_Monyok: Ada yang menyalahkan kontrator sumur resapan, padahal yang menentukan lokasi proyek dan anggaran itu pemprov.

Coba yangâ€¦"
1471452295028109312,1344672548198387712,ï¸ ï¸ ï¸ ï¸ ï¸,cybsquad_,,2021-12-16 12:09:00,Twitter for Android,"RT @rinidyah6: @cybsquad_ @KPK_RI Kepo juga...sampai mana nih KPK mengusut mapia pi ci er..??ğŸ¤”ğŸ§
Masa iya 
#KPKTakutUsutMafiaPCR ?
#KPKTakutâ€¦"
1471452280629043201,1344672548198387712,ï¸ ï¸ ï¸ ï¸ ï¸,cybsquad_,,2021-12-16 12:08:56,Twitter for Android,"RT @roon3651: @cybsquad_ @KPK_RI muka badak emang, dia yg punya aturan dia juga yg jualan di pula yg punya centeng tni polri di pake buat mâ€¦"
1471452276459900930,1112173767675904000,CERAH.,CecepRa48704175,"Cimahi Tengah, Indonesia",2021-12-16 12:08:55,Twitter for Android,"RT @OposisiCerdas: Diperiksa sebagai Tersangka Kasus Suap Pajak, Alfred Simanjuntak Tak Ditahan KPK
https://t.co/2tg54ZzJB8"
1471452257279348742,48314016,Hasanudin,Hasanudin,indramayu,2021-12-16 12:08:51,Twitter for Android,"RT @pengarang_sajak: Loe yakin One Got ga dipenjara oleh KPK..?

ğŸ˜‚ğŸ˜‚ğŸ˜‚"
1471452219362795525,2423043132,JAYSEN. â¤ğŸ‡®ğŸ‡©,Djayeng_seno,Indonesia,2021-12-16 12:08:42,Twitter for Android,RT @alpin_daffa05: @Djayeng_seno @widarto72094379 @Rangga_kinasih @AntonKu62463911 @2020_STMJ @Ivanthery @cagubnyinyir2 @semiaji_w @SoffiAgâ€¦
1471452115029540865,878662313925935104,Syafri Sikumbang,MohSyfri,,2021-12-16 12:08:17,Twitter for Android,"RT @yarachantique: Jd paham deh..
Kmana arah hati Ketua KPK Firli Bahuri berlabuh..

ğŸ˜ https://t.co/wtbEWIKWfa"
1471452109606252547,1241944198833557505,Blackcoffee,kadrunman,,2021-12-16 12:08:15,Twitter for iPhone,@FerdinandHaean3 @KPK_RI Jika berhasil ente harus dibinasakan ya nand... deal?
1471452065004425216,786349123,arial five cm,Arial5km,Puncak Mahameru,2021-12-16 12:08:05,twittbot.net,SBYudhoyono KPK_RI om tau gak? Bpk iskan_dahlan disebut2 korup duit PLN Rp 37 T!
1471452027150499845,1359714986461855748,Mahardi,mahardiart,"Depok, Jawa Barat",2021-12-16 12:07:56,Twitter for Android,"RT @AngingMamiri26: Duh cammana mereka ini menyerahkan pengerjaan proyek ke kontraktor abal2.
Makanya pengerjaannya asal2an.

Pak @KPK_RI mâ€¦"
1471451760908652546,2792760140,Syamsul Hadi,syamsulhadi_ae,"madiun, jawa timur",2021-12-16 12:06:52,Twitter for Android,"RT @AnakLolina2: Wajar jika Balai kota Jakarta tetap adem &amp; merasa tidak melakukan kesalahan meski ;
- Rusun bermasalah
- Formula E tidak jâ€¦"
1471451718424563713,419571979,Rya Wiedy,RyaWiedy,Indonesia,2021-12-16 12:06:42,Twitter Web App,"@lintang_ayoe @inrachma @DKIJakarta @KPK_RI HahahağŸ˜…
Kl aku biasanya males kerjakan LPJ Keuangan, suruh staf aja uruâ€¦ https://t.co/UderpDxUTn"
IdTweet,IdUser,UserName,ScreenName,Location,TweetAt,UploadTweet,OriginalTweet
1471451593321164809,543616364,Nabeel Chaudary,NACHAUDARY,"Lahore,Punjab,Pakistan",2021-12-16 12:06:12,Twitter Web App,"@rabbia_bibi baki sub tu kici tarah kar bhi lain, KPK main fazlu ku kuch nai mil sakta jub tak majoda provincial assembly majood hy"
1471451532763688963,1453341847913328653,Rosedah,Rosedah76,,2021-12-16 12:05:58,Twitter for Android,Tinggal ke @KPK_RI https://t.co/bzCFmNQvAv
1471451489839161352,1682790576,Pitrayadi Subakrie,pitrayadi23,Indonesia,2021-12-16 12:05:48,Twitter for Android,"Dan daerah Buru, dengan otaknya Pak Setiyono dirut SANI dan Pak Ramadi, mengatur sejumlah proyek alkes sudah lama sâ€¦ https://t.co/DXXNKO8IaM"
1471451463926751236,758620426381631489,Thomas Talimbung,TalimbungThomas,"Kalimantan Timur, Indonesia",2021-12-16 12:05:41,Twitter for Android,"RT @FerdinandHaean3: Jk gagal Juni 2022, mk Anies Baswedan hrs dipenjarakan karena telah merugikan keuangan negara sangat besar..!!! Rakyatâ€¦"
1471451450983460870,863892793,YanagishitağŸ‘#HOKI,dinisatashya,Biak Papua,2021-12-16 12:05:38,Twitter for iPhone,"RT @mahasiswigenz: Ouhh ternyata Ketua KPK pernah jd IDOLA Aksi 212.

Apa ini tanda KPK takut Periksa Formula-E ?? https://t.co/ONNjfznYLJ"
1471451440698716165,1232850054425317379,BaWor '90ğŸ‡®ğŸ‡©,yan_to999,Dieng Plateu ,2021-12-16 12:05:36,Twitter for Android,@AnakLolina2 @KPK_RI Ooooalah... ajur Jum!!!ğŸ˜­
1471451393563119619,58076000,Zamorano,jamronic,Earth Surface,2021-12-16 12:05:25,Twitter for Android,"RT @geloraco: Jika Jokowi Tidak Jelaskan Sumber Uang Saham Kaesang, Muslim Arbi: KPK Wajib Usut karena Dicurigai Hasil Gratifikasi
https://â€¦"
1471451376748089352,934210463314821120,arcopz,arifchapter666,"Kota Bandung, Jawa Barat",2021-12-16 12:05:21,Twitter for Android,@py2kphotography @FerdinandHaean3 @KPK_RI Lemaaaah ğŸ˜¤
1471451369064177664,1098743219863449601,Tiorida,Tiorida123,DKI Jakarta,2021-12-16 12:05:19,Twitter for Android,@AngingMamiri26 @sopansantun55 @KPK_RI Ketuanya sibuk ngurusin presidential treshold spy si badut bisa nyapres. Gaâ€¦ https://t.co/YZCc2zBa1y
1471451262205845504,1371367990646636546,Pak Bim,PakBim3,,2021-12-16 12:04:53,Twitter for Android,@AnakLolina2 @KPK_RI Sampah nya sudah di buang...eee gantinya malah menyampah.....
1471451245932019721,238605425,Ivan,anen36,Jakarta,2021-12-16 12:04:49,Twitter for iPhone,"RT @FerdinandHaean3: Jk gagal Juni 2022, mk Anies Baswedan hrs dipenjarakan karena telah merugikan keuangan negara sangat besar..!!! Rakyatâ€¦"
1471451177044697095,181495879,"Kiki, STOP TOUCHING YOUR FACE!",jjsengui,Indonesia,2021-12-16 12:04:33,Twitter Web App,"RT @jovicohalim70: @hudattamini @AngingMamiri26 @SantorinisSun @KPK_RI Krn anak buah nya tau, Boss nya BODOH ğŸ˜†ğŸ˜†ğŸ˜†"
1471451163207766016,1232850054425317379,BaWor '90ğŸ‡®ğŸ‡©,yan_to999,Dieng Plateu ,2021-12-16 12:04:30,Twitter for Android,"RT @AnakLolina2: Wajar jika Balai kota Jakarta tetap adem &amp; merasa tidak melakukan kesalahan meski ;
- Rusun bermasalah
- Formula E tidak jâ€¦"
1471451163199344643,1321479370293194760,Bang Hadi,Banghad11388047,Jakarta,2021-12-16 12:04:30,Twitter for Android,@_Audaxviator @FerdinandHaean3 @KPK_RI Gw hanya mo nanya yg ditebangin dibagian Monas mana ? ......
1471451159978074113,427940001,Juni Erwanto,junier_arwant,"DKI Jakarta, Indonesia",2021-12-16 12:04:29,Twitter for Android,"RT @geloraco: Jika Jokowi Tidak Jelaskan Sumber Uang Saham Kaesang, Muslim Arbi: KPK Wajib Usut karena Dicurigai Hasil Gratifikasi
https://â€¦"
1471451146610823172,181495879,"Kiki, STOP TOUCHING YOUR FACE!",jjsengui,Indonesia,2021-12-16 12:04:26,Twitter Web App,RT @hudattamini: @AngingMamiri26 @SantorinisSun @KPK_RI Anies dibodo2in anak buahnya ...... Begitulah akibat Bos tak bisa kerja dan tak ngeâ€¦
1471451127564541961,1104015217246138368,Lintang,lintang_ayoe,"Pulau Rakyat, Indonesia",2021-12-16 12:04:21,Twitter for Android,"@RyaWiedy @inrachma @DKIJakarta @KPK_RI Ini mau riset, apa jadi staff accounting ya Bu?? ğŸ˜…ğŸ˜¬ğŸ˜"
1471451107612266497,2681273562,Susan Berlian,tehsusan2,Jakarta,2021-12-16 12:04:16,Twitter for Android,"@therra_ Baju apa dong
Orange nanti disangka org dalem KPK
Semua warna sdh di pake bendera parte..ğŸ˜‚
Pake Baju Hitamâ€¦ https://t.co/lnlSUGwJMZ"
1471451104860782592,1658086969,PASS OVER ğŸ™,akun_easy,,2021-12-16 12:04:16,Twitter for Android,@AnakLolina2 @KPK_RI Halo pak firli.. sampeyan sdh sukses dan sdh slesekan tugas dan sdh beres smua yaaa... ğŸ¤”ğŸ¤”panteâ€¦ https://t.co/9jcM9EMtNY
1471451065765675017,1348059432467369984,Raden AntasenağŸ‡®ğŸ‡©ğŸ‡®ğŸ‡©ğŸ‡®ğŸ‡©,py2kphotography,,2021-12-16 12:04:06,Twitter for Android,"@fachrezzy_s @Muhsinsukandar5 @FerdinandHaean3 @KPK_RI Kadrun emang gobloknya kuadrat. Salah berapa pun, kontraktorâ€¦ https://t.co/mhtlqUpndk"
1471450948757192706,1104015217246138368,Lintang,lintang_ayoe,"Pulau Rakyat, Indonesia",2021-12-16 12:03:39,Twitter for Android,"RT @RyaWiedy: @inrachma @lintang_ayoe @DKIJakarta @KPK_RI Hasil riset tak penting, yg penting LPJ 

Eeh... ğŸ¤­ğŸ¤­"
1471450923939422210,1682790576,Pitrayadi Subakrie,pitrayadi23,Indonesia,2021-12-16 12:03:33,Twitter for Android,"Pelanggaran lain, melakukan penjualan alkes ke daerah dengan sistem fee commitment @KPK_RI , diantara daerah Maybraâ€¦ https://t.co/IEtZlRqxZX"
1471450813075963904,1032133068339855360,Napoleon Oktober Bonaparte,NapoleonOktober,Indonesia,2021-12-16 12:03:06,Twitter for Android,"@namakoen3y Di Indonesia ketua KPK akrab dengan pejabat dan pengusaha naik Hely,dinner, Plesiran bersama...ğŸ¤£ğŸ¤£ada baâ€¦ https://t.co/I0Evh9CSWH"
1471450778703327232,22126902,Republika.co.id,republikaonline,"Jakarta, Indonesia",2021-12-16 12:02:58,roltweet,KPK akan terus menagih pembayaran denda dan uang pengganti para terpidana. https://t.co/sutf8OrDh6
1471450696092241921,3163699843,Cimicimi,undur_undur20,,2021-12-16 12:02:38,Twitter for Android,"RT @Ginturaja: KPK meminta data tambahan kepada pelapor dugaan korupsi bisnis PCR yang dilakukan oleh pembantu Presiden Joko Widodo, salahâ€¦"
1471450679197593600,719859316828680192,Ahmad akbar,Ahmadak17455008,Makassar,2021-12-16 12:02:34,Twitter for Android,@Fer_78748 O ya pantesan aja ompong nih KPK..
1471450670909640704,1218008051157880832,"ABAH SALMAN BARKAH,SH",ahim_abah,,2021-12-16 12:02:32,Twitter for Android,Kentut...mana berani KPK mengusut PCR...satu rumpun Korupsi aman. https://t.co/aRqrbCNTuF
1471450593919049741,1321479370293194760,Bang Hadi,Banghad11388047,Jakarta,2021-12-16 12:02:14,Twitter for Android,@YustusHarefa @FerdinandHaean3 @KPK_RI Bukan warga DKI ngaku warga DKI....... Urusin aja daerah loh sendiri......
1471450559215403010,1393560349882806274,Hamdandany,Hamdandany5,,2021-12-16 12:02:06,Twitter for Android,"@MarudinNapitup7 @RD_4WR1212 Kisah @aniesbaswedan Happy ending,kelebihan bayar bukan korupsi @KPK_RI formula E ademâ€¦ https://t.co/Nj8xHpjYr9"
1471450537396617221,1318351421700362240,Zeno Store,steiewei,Indonesia,2021-12-16 12:02:01,Twitter for Android,"@LudwigEdS @PorosHalangID Main terbuka udah pernah dicoba kpk lawan vietnam, skor akhir 4-0 untuk vietnam. (Kualifikasi pildun)"
1471450519990198276,1290610306717118465,nanas mudağŸ,Adiiiinnnnnn,at your heart,2021-12-16 12:01:56,Twitter for Android,@AnakLolina2 @KPK_RI Hancur minah
1471450482317029381,1658086969,PASS OVER ğŸ™,akun_easy,,2021-12-16 12:01:47,Twitter for Android,"RT @AnakLolina2: Wajar jika Balai kota Jakarta tetap adem &amp; merasa tidak melakukan kesalahan meski ;
- Rusun bermasalah
- Formula E tidak jâ€¦"
1471450470862376961,1355792029737910274,A@nanggar Tullo,AnanggarTullo1,,2021-12-16 12:01:45,Twitter for Android,@KPK_RI tak berdaya kepada @Anisbaswedan
1471450427338018816,2736725088,PANCASILA,kwee_anton,,2021-12-16 12:01:34,Twitter for Android,"RT @jaya_pancasila: bapak vi pernah cerita, kpk saat ini di isi orang2 klan candi semua

jadi, ga usah ngarep banyak https://t.co/03wEJS5jvJ"
1471450421965197313,756367402875707392,Mick Jagger â˜®ï¸,DaniCicadasBdg,Rahasia,2021-12-16 12:01:33,Twitter for iPhone,"RT @Ginturaja: KPK meminta data tambahan kepada pelapor dugaan korupsi bisnis PCR yang dilakukan oleh pembantu Presiden Joko Widodo, salahâ€¦"
1471450385646645251,1452048882439843842,Nelson Siringoringo,NelsonSiringo66,"DKI Jakarta, Indonesia",2021-12-16 12:01:24,Twitter for Android,Kalau domisili perusahaan kontraktor sumur resapan bukan di zona usaha perkantoran maka dipastikan bermasalah. Koluâ€¦ https://t.co/hvba44UbYR
1471450352394203139,2154476719,Mukti,AliAm36,jkt,2021-12-16 12:01:16,Twitter for Android,"RT @AngingMamiri26: Duh cammana mereka ini menyerahkan pengerjaan proyek ke kontraktor abal2.
Makanya pengerjaannya asal2an.

Pak @KPK_RI mâ€¦"
1471450318395248648,1104015217246138368,Lintang,lintang_ayoe,"Pulau Rakyat, Indonesia",2021-12-16 12:01:08,Twitter for Android,"RT @hammer89826985: @lintang_ayoe @akupadi5 @DKIJakarta @KPK_RI Proyek hanya di jadikan  alasan, tujuannya menggarong APB.D"
1471450234303565829,1446857058091888640,Energy Iman,energy_iman,,2021-12-16 12:00:48,Twitter for Android,@FerdinandHaean3 @KPK_RI Ini sempak merah yg harus di tangkap kenapa di biarkan ğŸ˜€ğŸ˜€ğŸ˜€ https://t.co/4BCDMZCCqw
1471450204452704257,2736725088,PANCASILA,kwee_anton,,2021-12-16 12:00:41,Twitter for Android,"@jaya_pancasila MANTAN ASISTEN PRIBADI SBY, PANTESAN MINTA AMBANG BATAS 0 % ,
PERNAH DEMO BARENG KADRUN . 
@KPK_RI @jokowi"
1471450133082480647,1375314225808035840,tehanuke âœ,tehamenuk,,2021-12-16 12:00:24,Twitter for Android,"RT @FerdinandHaean3: Jk gagal Juni 2022, mk Anies Baswedan hrs dipenjarakan karena telah merugikan keuangan negara sangat besar..!!! Rakyatâ€¦"
1471450116217135105,117696510,Ucul,icut74,,2021-12-16 12:00:20,Twitter for Android,"@yarachantique @KejaksaanRI 
Minto tlg ... @KPK_RI ngga ngeliat Jakarta hambur2 duit rakyat"
1471450061598986241,1447381480183795716,Willy,Melngare_,"DKI Jakarta, Indonesia",2021-12-16 12:00:07,Twitter for iPhone,@FerdinandHaean3 @GusmanKampai @KPK_RI Ketua @KPK_RI ditangkap jg krn bersama sama melakukan
1471450035149627395,821717558931820545,Kampul Kampul ğŸ‡®ğŸ‡©ğŸ‡®ğŸ‡©,KKampul,â¤ï¸,2021-12-16 12:00:01,Twitter for iPhone,"@AnakLolina2 @KPK_RI Kalok gini pansel-nya dulu yg dodol! Katanya tanpa intervensi dan sdh cek n ricek smua calon.
Hadeuh.."
1471450017806225412,1292778239396425729,ğŸŒ±ğŸŒ¼BiÃ«ğŸViÉ™zÂ²â°ğŸŒ¼,_Bee_V1ez_2O,Somewhere under the rainbow ğŸŒˆ,2021-12-16 11:59:57,Twitter for Android,"RT @AnakLolina2: Wajar jika Balai kota Jakarta tetap adem &amp; merasa tidak melakukan kesalahan meski ;
- Rusun bermasalah
- Formula E tidak jâ€¦"
1471449965352218627,1346406955301027841,Nikolaus,Nikolau88245020,,2021-12-16 11:59:44,Twitter for Android,@FerdinandHaean3 @KPK_RI Sepertinya kpk blm mau tangkap apakah msi kumpul bukti2 atau  kah kpk takut
1471449925850316803,703822151623651329,Lala77# Cinta IndonesiağŸ‡®ğŸ‡©,KSogemaking,,2021-12-16 11:59:35,Twitter for Android,@Fer_78748 Bubarkan saja KPK.  Gue si firli ini punya gigi ternyata ompong
1471449907399520260,1355324241038598144,Sangsaka. â¤ï¸ğŸ‡®ğŸ‡©,DahlanFajry,Nusantara ğŸ‡®ğŸ‡©,2021-12-16 11:59:30,Twitter for Android,"RT @AngingMamiri26: Duh cammana mereka ini menyerahkan pengerjaan proyek ke kontraktor abal2.
Makanya pengerjaannya asal2an.

Pak @KPK_RI mâ€¦"
1471449897337430018,2571492187,reedha tea,reedha_tea,,2021-12-16 11:59:28,Twitter for Android,@Bambang77197468 @FerdinandHaean3 kemarin lihat foto yg katanya ketua kpk di acara 212. benarkah?
1471449876365938691,1447381480183795716,Willy,Melngare_,"DKI Jakarta, Indonesia",2021-12-16 11:59:23,Twitter for iPhone,"RT @FerdinandHaean3: Jk gagal Juni 2022, mk Anies Baswedan hrs dipenjarakan karena telah merugikan keuangan negara sangat besar..!!! Rakyatâ€¦"
1471449864277938177,1331184536,54MP053,Sampose_Iwan,jakarta Indonesia,2021-12-16 11:59:20,Twitter for Android,"RT @geloraco: Jika Jokowi Tidak Jelaskan Sumber Uang Saham Kaesang, Muslim Arbi: KPK Wajib Usut karena Dicurigai Hasil Gratifikasi
https://â€¦"
1471449717812785158,1177408928105152512,IG AlifKamal13,AlifKamal__,,2021-12-16 11:58:45,Twitter for Android,"RT @Ginturaja: KPK meminta data tambahan kepada pelapor dugaan korupsi bisnis PCR yang dilakukan oleh pembantu Presiden Joko Widodo, salahâ€¦"
1471449713165549576,1447381480183795716,Willy,Melngare_,"DKI Jakarta, Indonesia",2021-12-16 11:58:44,Twitter for iPhone,@Fer_78748 Ketua @KPK_RI ini ternyata seorang kadrun @jokowi @ListyoSigitP @DivHumas_Polri @divpropampolri tlg diamâ€¦ https://t.co/ol9pSSltd0
1471449577295253505,1344446397555175426,Wong Cilik,WongCil45716482,,2021-12-16 11:58:12,Twitter for Android,@keuangannews_id Ini meresahkan. mohon @KPK_RI menindaklanjuti
1471449549554085896,1453156758831046659,MAB Indonesia ğŸ‡®ğŸ‡©,IndonesiaMab,,2021-12-16 11:58:05,Twitter for Android,"RT @MilitanAb: Skrg Jokowi berani kasus PCR di dorong ke KPK , sepertinya jokowi TAKUT TUH ğŸ˜ğŸ˜ğŸ˜ https://t.co/L6SGh8tCCU"
1471449500585582592,1097429318890737664,Denny Detaq,DetaqDenny,"kota Kupang, NTT",2021-12-16 11:57:53,Twitter for Android,RT @jakycns11_11: @Hayuningrat7 @ListyoSigitP Tapikan Kewiraannya ngak lulus test ASN wkt di KPK? Mungkin pak @ListyoSigitP &amp; staf bisa lanâ€¦
1471449407287488514,1249028224887054339,ADITAMA,Adi_8002,Anywhere You Are,2021-12-16 11:57:31,Twitter for Android,"Kalo korupsi didaerah, @KPK_RI gercep gak peduli nilainya gak sebesar yang di Jakarta.

Korupsi stadion di Jogja taâ€¦ https://t.co/aZJng5OAOO"
1471449377017262084,1890362862,Mbelgedessss â¤ï¸ğŸ‡²ğŸ‡¨â¤,AlvaroBratajaya,https://goo.gl/maps/4GdgRaJ1hR,2021-12-16 11:57:24,Twitter for Android,"RT @AngingMamiri26: Duh cammana mereka ini menyerahkan pengerjaan proyek ke kontraktor abal2.
Makanya pengerjaannya asal2an.

Pak @KPK_RI mâ€¦"
1471449369517846532,2765724931,ğŸŒŸ Stinger ğŸŒŸ,mrs2508008,,2021-12-16 11:57:22,Twitter for Android,@lintang_ayoe @akupadi5 @DKIJakarta @KPK_RI Kelompok Pengaman Koruptor ğŸ‘Œ
1471449333950152704,377901170,ramdhan,rmdhan04,jakarta,2021-12-16 11:57:14,Twitter for Android,"RT @AngingMamiri26: Duh cammana mereka ini menyerahkan pengerjaan proyek ke kontraktor abal2.
Makanya pengerjaannya asal2an.

Pak @KPK_RI mâ€¦"
1471449299028353038,1169254655571808256,Azisax,Azisax2,,2021-12-16 11:57:05,Twitter for Android,"@yarachantique Focus aja pak urusin kpk biar ga kalah sm kejaksaan, ga ush ikut ranah politik.....ğŸ¤¦â€â™‚ï¸"
1471449198226669578,420970337,EL BennyğŸ‡®ğŸ‡© #PakaiMasker,ELBenny_10,Indonesia,2021-12-16 11:56:41,Twitter for Android,"Oooh..... Pantesan.... Ternyata ketuanya @KPK_RI simpatisan 212 ???

#PecatFirli https://t.co/55z5VGBQs1"
1471449180509855751,2736725088,PANCASILA,kwee_anton,,2021-12-16 11:56:37,Twitter for Android,"@AnakLolina2 @KPK_RI TIDAK PANDANG BULU JEMBUT ğŸ¤£ğŸ¤£ğŸ¤£ğŸ¤£ğŸ¤£ğŸ¤£ğŸ¤£ğŸ¤£ğŸ¤£ğŸ¤£ğŸ¤£ğŸ¤£ğŸ¤£ğŸ¤£ğŸ¤£ğŸ¤£ğŸ¤£ğŸ¤£ğŸ¤£ğŸ¤£ğŸ¤£ğŸ¤£ğŸ¤£ğŸ¤£
FIRLI FIRLI"
1471449179717177345,1355792029737910274,A@nanggar Tullo,AnanggarTullo1,,2021-12-16 11:56:37,Twitter for Android,"KPK TIDAK BERDAYA KE PADA, @ANISBASWEDAN https://t.co/Iw6zmw3J2b"
1471449171164995589,2765724931,ğŸŒŸ Stinger ğŸŒŸ,mrs2508008,,2021-12-16 11:56:35,Twitter for Android,"RT @lintang_ayoe: Selama aku magang, aku belajar penyusunan RKAP project dll untk 1 thn anggaran pekerjaan 

jdi kontraktor ga bisa abal2,â€¦"
1471449046032130053,471190253,Pandai Besi,ronny4tune,,2021-12-16 11:56:05,Twitter for Android,"@AngingMamiri26 @KPK_RI Biarin aja, nanti juga ada saatnya jika cukup bukti pakai jaket orange"
1471448973340672000,1396101083215196165,Alek,Alek58693177,,2021-12-16 11:55:48,Twitter for Android,"RT @geloraco: Jika Jokowi Tidak Jelaskan Sumber Uang Saham Kaesang, Muslim Arbi: KPK Wajib Usut karena Dicurigai Hasil Gratifikasi
https://â€¦"
1471448948741079041,1121449436,muispebrianto,muispebrianto,balikpapan kaltim,2021-12-16 11:55:42,Twitter for Android,"RT @AnakLolina2: Wajar jika Balai kota Jakarta tetap adem &amp; merasa tidak melakukan kesalahan meski ;
- Rusun bermasalah
- Formula E tidak jâ€¦"
1471448943175221248,2736725088,PANCASILA,kwee_anton,,2021-12-16 11:55:40,Twitter for Android,"RT @AnakLolina2: Wajar jika Balai kota Jakarta tetap adem &amp; merasa tidak melakukan kesalahan meski ;
- Rusun bermasalah
- Formula E tidak jâ€¦"
1471448933679661063,863892793,YanagishitağŸ‘#HOKI,dinisatashya,Biak Papua,2021-12-16 11:55:38,Twitter for iPhone,"RT @AngingMamiri26: Duh cammana mereka ini menyerahkan pengerjaan proyek ke kontraktor abal2.
Makanya pengerjaannya asal2an.

Pak @KPK_RI mâ€¦"
1471448862954901505,1331941980138475521,Pejuang Putih,putih_pejuang,,2021-12-16 11:55:21,Twitter Web App,"RT @KangUtang04: #BelaAniesPresiden2024 
#BelaAniesPresiden2024 
@AwanBiru7654
@BFofZlhan
@Paijo64854574
@Kumis20191
@Ibrahim96374387
@dipoâ€¦"
1471448859314311169,887743587579944960,OposisiCerdas.com,OposisiCerdas,,2021-12-16 11:55:20,Twitter Web App,"Diperiksa sebagai Tersangka Kasus Suap Pajak, Alfred Simanjuntak Tak Ditahan KPK
https://t.co/2tg54ZzJB8"
1471448825822728193,233111874,Bobby Ibrahim,Bobby_Ibrahim,bandung,2021-12-16 11:55:12,Twitter for Android,"RT @geloraco: Jika Jokowi Tidak Jelaskan Sumber Uang Saham Kaesang, Muslim Arbi: KPK Wajib Usut karena Dicurigai Hasil Gratifikasi
https://â€¦"
1471448790418993152,4123320864,mulya,MulyaYa22,,2021-12-16 11:55:04,Twitter Web App,@yarachantique Urusi aja KPK . sdh benar apa belum. dan masalah TP itu urusan org di dpr.
1471448688140587008,1219962182764359685,Zazaputih,zazaputih,,2021-12-16 11:54:40,Twitter for Android,"RT @FerdinandHaean3: Jk gagal Juni 2022, mk Anies Baswedan hrs dipenjarakan karena telah merugikan keuangan negara sangat besar..!!! Rakyatâ€¦"
1471448665847857152,1405723264710709248,Anging Mamiri ğŸ‡®ğŸ‡©,AngingMamiri26,,2021-12-16 11:54:34,Twitter for Android,"RT @AnakLolina2: Wajar jika Balai kota Jakarta tetap adem &amp; merasa tidak melakukan kesalahan meski ;
- Rusun bermasalah
- Formula E tidak jâ€¦"
1471448620310224897,1451869982275485708,Pengembala,Pengemb41255385,"Jawa Timur, Indonesia",2021-12-16 11:54:23,Twitter for Android,"RT @pengarang_sajak: Loe yakin One Got ga dipenjara oleh KPK..?

ğŸ˜‚ğŸ˜‚ğŸ˜‚"
1471448537292443648,1289204505389629440,ğŸ‡²ğŸ‡¨ğŸ‡²ğŸ‡¨ğŸ‡²ğŸ‡¨LOVE@spiritğŸ‡²ğŸ‡¨ğŸ‡²ğŸ‡¨ğŸ‡²ğŸ‡¨,Avilaspirit1,,2021-12-16 11:54:04,Twitter for Android,"@KPK_RI kerjamu apa sih? Kalau cuman gedein ""perut"" semua juga bisa kerja. 

#Bubarkan_KPK
#Bubarkan_KPKâ€¦ https://t.co/ou2rRkiqit"
1471448481730420744,1419212617063616515,Koko Wijayatmoko,KWijayatmoko,,2021-12-16 11:53:50,Twitter for Android,"RT @AngingMamiri26: Duh cammana mereka ini menyerahkan pengerjaan proyek ke kontraktor abal2.
Makanya pengerjaannya asal2an.

Pak @KPK_RI mâ€¦"
1471448460125618180,1030954200417558528,dbz.Dodi ğŸ‡®ğŸ‡©,sangamei,"Central Java, Indonesia",2021-12-16 11:53:45,Twitter for Android,"@1keadilan Bun, lu gak tanyain juga #DariManaHartaSiMantanMayor ? 

Cc @PDemokrat @AgusYudhoyono @SBYudhoyonoâ€¦ https://t.co/pp6gNaiNZn"
1471448397974421507,899456168619237376,Rakyat Recehanâ„¢,Rakyat_Recehan,Boncengan Ojol ,2021-12-16 11:53:30,Twitter for Android,RT @Rozykaspu1: @Rakyat_Recehan JANGAN BERHARAP SAMA KPK
1471448356933099527,587564775,Erina Fangestu ğŸ¹,3_devout,Jakarta Raya,2021-12-16 11:53:21,Twitter for Android,"RT @mahasiswigenz: Ketika si tuyul lagi bener ngomongnya dan skrg kinerja KPK @KPK_RI patut dipertanyakan

https://t.co/yPV83Ypqn4 https://â€¦"
1471448327853993984,3276753565,â„™ğ• ğ•£ğ• ğ•¨ğ•Ÿğ•–ğ•¨ğ•¤,madjadiranaigy,,2021-12-16 11:53:14,Twitter for Android,"RT @geloraco: Jika Jokowi Tidak Jelaskan Sumber Uang Saham Kaesang, Muslim Arbi: KPK Wajib Usut karena Dicurigai Hasil Gratifikasi
https://â€¦"
1471448327040356352,1443699706601738241,Rozykaspu,Rozykaspu1,,2021-12-16 11:53:14,Twitter for Android,@Rakyat_Recehan JANGAN BERHARAP SAMA KPK
1471448211067850753,1269308836336349184,wong cilik,Gilang82putra,"DKI Jakarta, Indonesia",2021-12-16 11:52:46,Twitter for Android,"RT @jaya_pancasila: bapak vi pernah cerita, kpk saat ini di isi orang2 klan candi semua

jadi, ga usah ngarep banyak https://t.co/03wEJS5jvJ"
1471448122786152450,1395752599660294149,HAMMERğŸ‡®ğŸ‡©,hammer89826985,,2021-12-16 11:52:25,Twitter for Android,"@lintang_ayoe @akupadi5 @DKIJakarta @KPK_RI Proyek hanya di jadikan  alasan, tujuannya menggarong APB.D"
1471448024278728705,775524805,FARIJI LACAK,fariji_lacak,Surabaya,2021-12-16 11:52:01,Twitter for Android,"RT @yarachantique: Jd paham deh..
Kmana arah hati Ketua KPK Firli Bahuri berlabuh..

ğŸ˜ https://t.co/wtbEWIKWfa"
1471447998945136644,112947173,kuli retuwit,iniherman2,indonesia,2021-12-16 11:51:55,Twitter for Android,RT @ArafatJadid: Kayaknya ini salah satu kenapa @KPK_RI  pecat @nazaqistsha  cs karena hanya mereka yg berani usut kasus kasus kelas kakapâ€¦
1471447911447687172,2939656405,panji,panjianom102,Ngayogjokarto...,2021-12-16 11:51:34,Twitter for Android,"RT @Rakyat_Recehan: Langsung hitung aja dugaan potensi KERUGIAN UANG NEGARA dari BOBROK nya hasil kerja SUMUR RESAPAN.

Termasuk kerugian Jâ€¦"
1471447901486256129,932270293506068480,Ricky Tati,ricky_tati,"Nusa Tenggara Timur, Indonesia",2021-12-16 11:51:32,Twitter for Android,RT @ImateusGeu: Kami sebagai TKM kontrak dengan @KemnakerRI dimana isi kontrak kami selama 5 bulan tetapi kami hanya di gaji satu bulan sajâ€¦
1471447847375499264,1061206702727430145,Nak_Lanang,NakLanang10,,2021-12-16 11:51:19,Twitter for Android,"RT @geloraco: Jika Jokowi Tidak Jelaskan Sumber Uang Saham Kaesang, Muslim Arbi: KPK Wajib Usut karena Dicurigai Hasil Gratifikasi
https://â€¦"
1471447777691385857,1109288754999517186,Akoen Retjeh ğŸ‡®ğŸ‡©,TukangRitwiit,,2021-12-16 11:51:03,Twitter for Android,"RT @FerdinandHaean3: Jk gagal Juni 2022, mk Anies Baswedan hrs dipenjarakan karena telah merugikan keuangan negara sangat besar..!!! Rakyatâ€¦"
1471447697626333186,1460641401088065541,Herman_elha,uchitan57,,2021-12-16 11:50:43,Twitter for Android,@FerdinandHaean3 @KPK_RI Yakin KPK berani...
1471447682057076736,1377854631095635971,Matt Juki,JukiMatt,,2021-12-16 11:50:40,Twitter for Android,"RT @her_alone: (1) Dari KPK ke Polri

Saya berucap syukur untuk Novel dkk yg dipecat KPK lalu masuk Polri. Ucap syukur saya karena mereka mâ€¦"
1471447552532746243,1421175049906655236,ğ•²ğ–ğ–“,Ginturaja,,2021-12-16 11:50:09,Twitter for Android,KPK meminta data tambahan kepada pelapor dugaan korupsi bisnis PCR yang dilakukan oleh pembantu Presiden Joko Widodâ€¦ https://t.co/1xMewPHnsL
1471447542957162498,23343960,Kompas.com,kompascom,Jakarta,2021-12-16 11:50:07,dlvr.it,"Ali menyampaikan, Nurdin juga dijatuhi kewajiban membayar pidana denda sebesar Rp 500 juta dan uang pengganti Rp 2,â€¦ https://t.co/dAFUKoSdBm"
1471447507112640519,725131073764515840,herusalem,heroep03,Indonesia,2021-12-16 11:49:58,Twitter for Android,"RT @AnakLolina2: Wajar jika Balai kota Jakarta tetap adem &amp; merasa tidak melakukan kesalahan meski ;
- Rusun bermasalah
- Formula E tidak jâ€¦"
1471447408240300037,1471068942617571330,Henry II,HenryII63936538,"DKI Jakarta, Indonesia",2021-12-16 11:49:34,Twitter for Android,RT @cak_henry: Haha mana berani @KPK_RI
1471447380989911041,1078848147894325249,Bolak Balik Kata,bolakbalikkata_,Jakarta Capital Region,2021-12-16 11:49:28,Twitter for Android,"Bodo amat Formula E mau digelar atau kagak, yg penting KPK selidik terus kasus korupsinya. Klo gak sanggup, berartiâ€¦ https://t.co/HJfiGdYMzD"
1471447341978636289,458488280,Gusman 2012,GusmanKampai,,2021-12-16 11:49:19,Twitter for Android,"RT @FerdinandHaean3: Jk gagal Juni 2022, mk Anies Baswedan hrs dipenjarakan karena telah merugikan keuangan negara sangat besar..!!! Rakyatâ€¦"
